<?xml version="1.0" encoding="UTF-8"?>
<!DOCTYPE mapper PUBLIC "-//mybatis.org//DTD Mapper 3.0//EN"
  "http://mybatis.org/dtd/mybatis-3-mapper.dtd">
<mapper namespace="com.KG.mybatis.myMapper">

	<!-- 회원 관리 : 회원 목록 출력 -->
	<select id="selectMemberList" parameterType="hashMap" resultType="memberDTO">
		SELECT B.* FROM (
			SELECT ROWNUM m_rn, A.* FROM
				(SELECT * FROM member ORDER BY m_rankNum, m_birth, m_id)A 
			WHERE m_rankNum = #{m_rankNum} )B
		WHERE m_rn BETWEEN #{start} and #{end}
	</select>

	<!-- 회원 관리 : 회원 목록 출력 > 등급 별 회원 수 계산 -->
	<select id="selectMemberCount" resultType="int">
		SELECT COUNT(*) FROM member WHERE m_rankNum = #{m_rankNum}
	</select>

	<!-- 회원 관리 : 회원 목록 출력 > 등급 변경 -->
	<update id="updateUpdRank" parameterType="memberDTO">
		UPDATE member SET m_rankNum = #{m_rankNum}, m_rank = #{m_rank} WHERE m_id = #{m_id}
	</update>

	<!-- 회원 관리 : 회원 목록 출력 > 삭제 -->
	<update id="updateDelRank">
		UPDATE member SET m_rankNum = '5', m_rank = '탈퇴회원' WHERE m_id = #{m_id}
	</update>




</mapper>