<?xml version="1.0" encoding="UTF-8"?>
<!DOCTYPE mapper PUBLIC "-//mybatis.org//DTD Mapper 3.0//EN"
  "http://mybatis.org/dtd/mybatis-3-mapper.dtd">
<mapper namespace="com.KG.mybatis.myMapper">

	<!-- 관리자 페이지 -->
	<!-- 서비스 관리 : 문의 내역 출력 -->
	<select id="selectAdminInquiryList" parameterType="hashmap" resultType="customerDTO">
		SELECT B.* FROM (
			SELECT ROWNUM cus_rn, A.* FROM
				(SELECT * FROM customer ORDER BY cus_group DESC, cus_num ASC)A 
			WHERE cus_categoryNum = #{cus_categoryNum} )B 
		WHERE cus_rn BETWEEN #{start} and #{end}
	</select>

	<!-- 서비스 관리 : 문의 내역 출력 > 항목 별 내역 수 계산 -->
	<select id="selectAdminInquiryCount" resultType="int">
		SELECT COUNT(*) FROM customer WHERE cus_categoryNum = #{cus_categoryNum}
	</select>

	<!-- 서비스 관리 : 문의글 확인 > 답글 보류 선택 -->
	<update id="updateReNumHold" parameterType="int">
		UPDATE customer SET cus_reNum = 2 WHERE cus_num = #{cus_num}
	</update>

	<!-- 서비스 관리 : 문의글 확인 > 답글 등록 선택 -->
	<insert id="updateReNumAnswer" parameterType="customerDTO">
		INSERT INTO customer (cus_num, cus_group, cus_reNum, cus_categoryNum, cus_nick, cus_pw, cus_title, cus_content, cus_pub, cus_date)
		VALUES (cus_numSQ.nextval, #{cus_group}, 1, #{cus_categoryNum}, #{cus_nick}, #{cus_pw}, #{cus_title}, #{cus_content}, #{cus_pub}, SYSDATE)
	</insert>

	<!-- 서비스 관리 : 문의글 확인 > 답글 등록 선택 > 글 번호로 비밀번호 조회 -->
	<select id="selectPwAnswer" resultType="String">
		SELECT cus_pw FROM customer WHERE cus_num = #{cus_num}
	</select>

	<!-- 서비스 관리 : 문의글 확인 > 답글 등록 선택 > 해당 문의글 답글 완료 처리 -->
	<update id="updateSetReNum" parameterType="int">
		UPDATE customer SET cus_reNum = 1 WHERE cus_group = #{cus_group} AND cus_reNum != 1
	</update>


	<!-- 회원 페이지 -->
	<!-- 고객센터 : 전체 문의글 조회 -->
	<select id="selectCustomerList" parameterType="hashmap" resultType="customerDTO">
		SELECT B.* FROM (
			SELECT ROWNUM cus_rn, A.* FROM
				(SELECT * FROM customer ORDER BY cus_group DESC, cus_num ASC, cus_date ASC)A )B 
		WHERE cus_rn BETWEEN #{start} AND #{end}
	</select>

	<!-- 고객센터 : 전체 문의글 개수 -->
	<select id="selectCustomerCount" resultType="int">
		SELECT COUNT(*) FROM customer
	</select>

	<!-- 고객센터 : 문의글 작성 -->
	<insert id="insertInquiry" parameterType="customerDTO">
		INSERT INTO customer (cus_num, cus_group, cus_reNum, cus_categoryNum, cus_category, cus_nick, cus_id, cus_pw, cus_title, cus_email, cus_content, cus_pub, cus_date)
		VALUES (cus_numSQ.nextval, cus_numSQ.currval, 0, #{cus_categoryNum}, #{cus_category}, #{cus_nick}, #{cus_id}, #{cus_pw}, #{cus_title}, #{cus_email}, #{cus_content}, #{cus_pub}, SYSDATE)
	</insert>

	<!-- 고객센터 : (고객)문의글 확인 -->
	<select id="selectInquiryContent" resultType="customerDTO">
		SELECT * FROM customer WHERE cus_num = #{cus_num}
	</select>

	<!-- 고객센터 : 문의글 확인 > 비밀번호 확인 -->
	<select id="customerPwChk" resultType="String">
		SELECT cus_pw FROM customer WHERE cus_num = #{cus_num}
	</select>

	<!-- 고객센터 : 문의글 확인 > 문의글 삭제 -->
	<delete id="deleteInquiry">
		DELETE FROM customer WHERE cus_num = #{cus_num}
	</delete>

	<!-- 고객센터 : 문의글 확인 > 문의글 수정 -->
	<update id="updateInquiry">
		UPDATE customer SET 
			cus_email = #{cus_email}, cus_title = #{cus_title}, cus_content = #{cus_content} 
		WHERE cus_num = #{cus_num}
	</update>

	<!-- 고객센터 : 문의내역 조회 (아이디 조회) -->
	<select id="selectInquiry" parameterType="hashmap" resultType="customerDTO">
		SELECT B.* FROM (
			SELECT ROWNUM cus_rn, A.* FROM
				(SELECT * FROM customer ORDER BY cus_num DESC, cus_date ASC)A
			WHERE cus_id = #{cus_id} )B 
		WHERE cus_rn BETWEEN #{start} and #{end}
	</select>

	<!-- 고객센터 : 문의내역 조회 > 문의내역 개수 조회 -->
	<select id="selectInquiryCount" resultType="int">
		SELECT COUNT(*) FROM customer WHERE cus_id = #{cus_id}
	</select>

	<!-- 고객센터 : 검색 > 닉네임 조회 -->
	<select id="selectInquirySearch" parameterType="hashmap" resultType="customerDTO">
		SELECT B.* FROM (
			SELECT ROWNUM cus_rn, A.* FROM
				(SELECT * FROM customer ORDER BY cus_num DESC, cus_date ASC)A
			WHERE cus_nick LIKE '%'||#{cus_nick}||'%' )B 
		WHERE cus_rn BETWEEN #{start} and #{end}
	</select>

	<!-- 고객센터 : 검색 > 조회결과 개수 -->
	<select id="selectSearchCount" resultType="int">
		SELECT COUNT(*) FROM customer WHERE cus_nick LIKE '%'||#{cus_nick}||'%'
	</select>

</mapper>