<?xml version="1.0" encoding="UTF-8"?>
<!DOCTYPE mapper PUBLIC "-//mybatis.org//DTD Mapper 3.0//EN"
  "http://mybatis.org/dtd/mybatis-3-mapper.dtd">

<mapper namespace="com.KG.mybatis.myMapper">
   <!-- 아이디 중복 검사 -->
   <select id="chk_id" resultType="String">
      SELECT m_id FROM member WHERE m_id=#{m_id}
   </select>
   <!-- 이메일 중복 검사 -->
   <select id="chkEmail" resultType="String">
      SELECT m_email FROM member WHERE m_email=#{email}
   </select>
   <!-- 닉네임 중복 검사 -->
   <select id="chkNick" resultType="String">
      SELECT m_nick FROM member WHERE m_nick=#{nick}
   </select>
   <select id="loginck" resultType="memberDTO">
      select * from member where m_id = #{m_id}
   </select>
   <select id="findId" resultType="memberDTO">
      select * from member where m_name = #{m_name} and m_email = #{m_email}
   </select>
   <select id="findPw" resultType="memberDTO">
      select * from member where m_id = #{m_id} and m_name = #{m_name} and m_email = #{m_email}
   </select>
   <update id="findPw_change" parameterType="memberDTO">
      update member set m_pw = #{m_pw} where m_id = #{m_id} and m_name = #{m_name} and m_email = #{m_email}
   </update>
   <!-- 이메일로 정보 가져오기 -->
   <select id="getMember" resultType="memberDTO">
      SELECT * FROM member WHERE m_email=#{email}
   </select>
   <!-- 회원 가입  -->
   <insert id="addMember" parameterType="memberDTO">
      <choose>
         <when test="m_picture == null">
            INSERT INTO member(
               m_id , m_pw , m_name , m_nick , m_birth , m_email , m_rank , m_rankNum)      
            VALUES (
               #{m_id} , #{m_pw} , #{m_name} , #{m_nick} , #{m_birth} , #{m_email} , '일반회원' , 3)      
         </when>
         <otherwise>
            INSERT INTO member values(#{m_id} , #{m_pw} , #{m_name} , #{m_nick} , #{m_birth} , #{m_email} , '일반회원' , 3 , #{m_picture})
         </otherwise>
      </choose>
   </insert>
   
   <!-- 회원정보 수정 -->
   <update id="memberUp" parameterType="memberDTO">
      update member set 
         m_name = #{m_name}, m_nick = #{m_nick}, m_birth = #{m_birth}, m_picture = #{m_picture} 
      where m_id = #{m_id}
   </update>
   <!-- 회원탈퇴 -->
   <update id="memberDel" parameterType="memberDTO">
      update member set m_rank = '탈퇴회원', m_rankNum = 5, m_email='' where m_id = #{m_id}
   </update>
   
   
   <!-- /////////////////////////////////////////////////////////// -->
   <!-- 이미지 업로드 관련 -->
   <!-- 프로필 사진 업로드 -->
   <insert id="insertFile">
      INSERT INTO saveFile(
         f_no , f_memberId , f_oriName , f_modiName , f_size , f_mark
      ) VALUES (
         f_noSQ.nextval , #{f_memberId} , #{f_oriName} , #{f_modiName} , #{f_size} , #{f_mark}
      )
   </insert>   
   
   <!-- 아이디로 연결된 사진 가져오기 -->
   <select id="getPicture" resultType="String">
      SELECT f_modiName FROM saveFile WHERE f_memberId = #{m_Id}
   </select>
   
   <!-- 프로필 사진 변경하기 -->
   <update id="updateImage">
      UPDATE saveFile SET 
         f_oriName = #{f_oriName}, f_modiName = #{f_modiName}, f_size = #{f_size}, f_mark = #{f_mark}
      WHERE f_memberId = #{f_memberId}
   </update>
   <!-- ////////////////////////////////////////////////////////////////////// -->
   
</mapper>